{
  "accuracy": {
    "mean": 0.78,
    "std": 0.024494897427831803
  },
  "precision": {
    "mean": 0.8190909090909091,
    "std": 0.09622631725381266
  },
  "recall": {
    "mean": 0.7745454545454546,
    "std": 0.06956773261712362
  },
  "f1": {
    "mean": 0.7880946107033063,
    "std": 0.01933607423347864
  },
  "auc": {
    "mean": 0.8591818181818182,
    "std": 0.048130845705595976
  },
  "confusion_matrix": [
    [
      37,
      10
    ],
    [
      12,
      41
    ]
  ],
  "avg_best_iteration": 84.4
}