{
  "type": "RatioNormalizer",
  "baseline_ht": 0.08477646529306439,
  "baseline_ft": 0.19382282373808804
}