{
  "type": "ZScoreAnchor",
  "ht_shift": -0.02022353470693561,
  "ft_shift": 0.032822823738088036,
  "ht_scale": 3.1178291927940656,
  "ft_scale": 2.5310135702168406
}