{
  "ht_population": [
    0.16754808647742944,
    0.0802752665428615,
    0.153061407607678,
    0.13045557814181677,
    0.07441114518634975,
    0.1148162427088162,
    0.15886446841774307,
    0.15141500948362954,
    0.1808082386211059,
    0.13220361258371943,
    0.2596364426523203,
    0.07934358618717022,
    0.10125718761936153,
    0.11544370832606066,
    0.058412480739161075,
    0.16178464792825567,
    0.15594836460628536,
    0.11879801390461028,
    0.09555450894571277,
    0.055207737425797876,
    0.08485115019468735,
    0.14923587391839152,
    0.10908922028811167,
    0.10007151065033164,
    0.1390608299240418,
    0.16664383942314515,
    0.12879890854236373,
    0.1312095416262532,
    0.1756182096090906,
    0.12537323834610298,
    0.10500988104932774,
    0.14627127111650695,
    0.10722153232691271,
    0.10255131958642402,
    0.17149681204586134,
    0.10573798782532395,
    0.006482606002334246,
    0.13251175364332818,
    0.10138830903362768,
    0.10585625202826243,
    0.1370233257144074,
    0.11102544184925525,
    0.12702743086397972,
    0.033062772805779114,
    0.07839161404437497,
    0.17696626702369034,
    0.1172208662105111,
    0.04771280587641062,
    0.07295366295370237,
    0.076311380465066,
    0.122298602667086,
    0.09983041021698344,
    0.09031434329766792,
    0.11816536678611891,
    0.13806567217620813,
    0.10712079692096659,
    0.09386221328023721,
    0.10029707474572488,
    0.13227248049583903,
    0.11769003370232793,
    0.15022646722566896,
    0.06970871174523693,
    0.08543588354980833,
    0.15047191594734843,
    0.08432323057931285,
    0.17612866019517248,
    0.17701862284688388,
    0.17647768164665992,
    0.08101308562174969,
    0.12122958784055199,
    0.09727583574746027,
    0.156772829550362,
    0.1896774080544954,
    0.15469075545668592,
    0.11838406252108577,
    0.1026473495330332,
    0.14526164277042244,
    0.06663931145963711,
    0.14052611336004672,
    0.07958298088702634,
    0.14406302507039287,
    0.11124063017175133,
    0.1016928952429822,
    0.08080848029918836,
    0.10301670891773584
  ],
  "ft_population": [
    0.2740037492850392,
    0.17387739885631973,
    0.14343457322115438,
    0.3681962699457574,
    0.2928052103466757,
    0.03850798608796588,
    0.15823715745069822,
    0.3052381400382931,
    0.09149721823999654,
    0.2665903713275569,
    0.25736799320881143,
    0.1357759545498194,
    0.19721528288412313,
    0.011988420371905145,
    0.355568404974438,
    0.17049076668147398,
    0.26953936157248704,
    0.25263187939131276,
    0.3188513901408989,
    0.15943599678567216,
    0.21614022274994457,
    0.24776071903269298,
    0.27565620163731264,
    0.3007375361183942,
    0.15551302597879646,
    0.13888375754590637,
    0.31904991159608725,
    0.01670024178747964,
    0.33773287296829785,
    0.1710931424552086,
    0.19759390821986364,
    0.1372715085003063,
    0.19371060178731267,
    0.31113130211230144,
    0.2666068160302995,
    0.24184909705823607,
    0.2059096975457252,
    0.06934071244998466,
    0.12287181469692117,
    0.16745508993982605,
    0.23873320444416668,
    0.20419908714218024,
    0.2855318832659034,
    0.24015283750775326,
    0.20283720143653283,
    0.4005427554834811,
    0.23415417496944363,
    0.1595571440568549,
    0.3635370635773368,
    0.30483662780879245,
    0.3596318133316996,
    0.18812705772897362,
    0.28489151225681814,
    0.0686963981425599,
    0.267776570571361,
    0.1839625677153848,
    0.07739984195890404,
    0.28990143595759993,
    0.0368983120753546,
    0.027769119981284535,
    0.23026040483367188,
    0.24884992841908415,
    0.28437661998117575,
    0.2640347084711224,
    0.329422617663237,
    0.2603216228492553,
    0.18622534948912084,
    0.19144861069452035,
    0.17288231418013825,
    0.22429749967366333,
    0.10033621769756741,
    0.22834207567174686,
    0.19030919789198641,
    0.2225315290519793,
    0.22280635011238886,
    -0.02025154951710023,
    0.11778485013884457,
    0.18833204889609187,
    0.19306183871150706,
    0.2210856485009728,
    0.2249089978395162,
    0.33294476574111675,
    0.22580880481771734,
    0.1701408899687368,
    0.05567801094416408
  ],
  "ht_mean": 0.11884296728968645,
  "ht_std": 0.03951021718269374,
  "ht_median": 0.1172208662105111,
  "ft_mean": 0.20963926667889302,
  "ft_std": 0.09032458447095389,
  "ft_median": 0.2210856485009728,
  "n_subjects": 85
}