{
  "mean": [
    0.11999565021080129,
    0.04160327761269668,
    0.1126594115706051,
    0.04522499991033007,
    0.35131553989999437,
    0.08116576496292563,
    0.1670900001683656,
    2.0872636079788207,
    4.782445034269681,
    108.71699859609498,
    0.08300594464218354,
    0.04917097122079748,
    0.0525839068209547,
    0.5925133401856703,
    0.5875378668308258,
    0.40243293888428633,
    0.35494970591629255,
    1.0652599040199728,
    3.69856492210837,
    19.97320231795311,
    1.1664805924191195,
    0.1314255901822916,
    0.3423022888600826,
    0.1431811890181373,
    0.04965288397198653,
    1.5762678489965551,
    2.532527609432445,
    2023.4,
    0.23042561588534977,
    1.257836859366473,
    0.2451999718652052,
    0.21585039584075702
  ],
  "scale": [
    0.0375308797160692,
    0.018964324761409333,
    0.036635822547617415,
    0.024116730955096602,
    0.14842802025257074,
    0.025964768572525655,
    0.05652002946620617,
    0.5073892096640492,
    6.938320677024822,
    248.47166558079394,
    0.0995036043414222,
    0.04335594893812371,
    0.0473378535135345,
    0.30934917858356187,
    0.20354350053056963,
    0.24376337131836753,
    0.28317746725353365,
    0.2173257359690519,
    1.2721003019316743,
    16.412126561115837,
    0.6781251438887148,
    0.09914152355313374,
    0.23899578288356402,
    0.13718713762598342,
    0.05575647865339429,
    0.40904951020501784,
    1.6149959224510135,
    1136.4863105720399,
    0.18065536995979328,
    0.32123879435885366,
    0.07019403064408837,
    0.08520857773376529
  ],
  "feature_names": [
    "HT_mean",
    "HT_std",
    "HT_median",
    "HT_iqr",
    "HT_cv",
    "HT_p10",
    "HT_p90",
    "HT_p90_p10_ratio",
    "HT_skew",
    "HT_kurt",
    "HT_autocorr_lag1",
    "HT_autocorr_lag2",
    "HT_autocorr_lag3",
    "FT_mean",
    "FT_std",
    "FT_median",
    "FT_iqr",
    "FT_cv",
    "FT_skew",
    "FT_kurt",
    "FT_p90",
    "FT_autocorr_lag1",
    "pause_500ms_ratio",
    "pause_1000ms_ratio",
    "pause_2000ms_ratio",
    "IKI_entropy",
    "typing_speed_kps",
    "n_keystrokes",
    "bimanual_asymmetry",
    "bimanual_ratio",
    "left_HT_cv",
    "right_HT_cv"
  ]
}